HiddenNeurons,TrainAcc,TestAcc
10,95.7262569832402,79.2178770949721
20,96.8994413407821,83.3240223463687
40,98.6033519553073,80.8379888268156
