NumFeatures,TrainAcc,TestAcc
10,92.4301675977654,78.4078212290503
