HiddenNeurons,TestAccuracy
10,81.8156424581006
20,79.608938547486
40,78.2122905027933
